num_ref,nombre_buque,numero_imo,causa_arribo,bandera,tbr,eslora,manga,tipo_embarcacion,calado_maximo,linea_naviera,puerto_anterior,fecha_hora_arribo,siguiente_puerto,fecha_hora_zarpe,trafico_movimiento,tipo_carga,producto,toneladas,vehiculos,cajas_20,cajas_40,muelle,terminal,maniobrista,horas_buque_puerto,horas_buque_muelle,horas_buque_operacion,mes,anio
1.0,Cena Faith,9574365.0,desembarque,Panama,7460.0,122.2,20.0,carguero,7.0,Daeron Logistic  Hk Co Limited,"Buenaventura, Colombia",2025-03-29 09:24:00,"Puerto Quetzal, Guatemala",2025-04-02 14:19:00,altura / exportación,general suelta,acero,8751.3,,,,6,Terminal Maritima de Mazatlan,Terminal Maritima de Mazatlan,,,,abril,2025
2.0,Dareen,9074913.0,desembarque,Panama,12959.0,140.0,20.0,carguero,9.0,Waterfront Shipping Limited,"Port Hedland, Australia",2025-04-23 21:30:00,"Corinto, Nicaragua",2025-04-25 03:55:00,altura / importación,general suelta,ganado,1879.74,,,,5,Terminal Maritima de Mazatlan,Terminal Maritima de Mazatlan,30.0,29.0,18.85,abril,2025
3.0,Carrera,9432880.0,desembarque,Inglaterra,46800.0,182.8,32.0,car-carrier,9.0,"Portman House, 2 Portman St. W1H 6Du, London, United Kingdom","Shangai, China",2025-04-02 14:00:00,Lazaro Cardenas,2025-04-02 23:35:00,altura / importación,general suelta,vehiculos,2207.434,1000.0,,,6,Terminal Maritima de Mazatlan,Terminal Maritima de Mazatlan,9.0,8.0,5.2,abril,2025
4.0,Jiuyang Fortune,9088237.0,desembarque,Hong Kong,44219.0,179.47,32.0,car-carrier,8.0,"Joy Hk Shipping Co., Limited",Lazaro Cardenas,2025-04-11 22:30:00,Shanghai,2025-04-12 12:15:00,altura / importación,general suelta,vehiculos,2334.025,1339.0,,,6,Terminal Maritima de Mazatlan,Terminal Maritima de Mazatlan,14.0,13.0,8.450000000000001,abril,2025
5.0,Grand Venus,9303211.0,desembarque,Panama,59217.0,199.99,32.0,car-carrier,10.0,Nyk Mexico,Lazaro Cardenas,2025-04-16 04:05:00,"Los Angeles, U.S.A.",2025-04-16 22:17:00,altura / importación,general suelta,vehiculos,2177.885,1511.0,,,6,Terminal Maritima de Mazatlan,Terminal Maritima de Mazatlan,18.0,17.0,11.05,abril,2025
6.0,Viking Emerald,9514987.0,desembarque,Islas Marshall,39454.0,167.25,28.0,car-carrier,9.0,"Cosco Shipping Logistics & Supply Chain Management Co., Ltd","Taichung, China",2025-04-20 19:48:00,Lazaro Cardenas,2025-04-21 12:34:00,altura / importación,general suelta,vehiculos,1780.28,1012.0,,,6,Terminal Maritima de Mazatlan,Terminal Maritima de Mazatlan,17.0,16.0,10.4,abril,2025
7.0,Saic Anji Phoenix,9190858.0,desembarque,Hong Kong,37237.0,176.0,31.0,car-carrier,9.0,"Shanghai Ansheng Automotive Shipping Co., Ltd",Lazaro Cardenas,2025-04-21 00:05:00,"Los Angeles, U.S.A.",2025-04-22 00:30:00,altura / importación,general suelta,vehiculos,1182.5,940.0,,,2,Terminal Maritima de Mazatlan,Terminal Maritima de Mazatlan,11.0,10.0,6.5,abril,2025
8.0,Morning Midas,9289910.0,desembarque,Britanica,46800.0,182.0,31.0,car-carrier,9.0,Zodiac Maritime Limited,"Masan, Korea",2025-04-22 05:30:00,Lazaro Cardenas,2025-04-23 02:20:00,altura / importación,general suelta,vehiculos,2356.947,1539.0,,,2,Terminal Maritima de Mazatlan,Terminal Maritima de Mazatlan,20.0,19.0,12.35,abril,2025
9.0,Sierra  Nevada Highway,9325439.0,desembarque,Panama,44364.0,183.0,30.0,car-carrier,9.0,Eternity Maritime Shipping S.A.,"Nansha, China",2025-04-21 15:15:00,Lazaro Cardenas,2025-04-25 15:15:00,altura / importación,general suelta,vehiculos,3187.855,2582.0,,,2,Terminal Maritima de Mazatlan,Terminal Maritima de Mazatlan,44.0,43.0,27.95,abril,2025
10.0,Tokyo Car,9432907.0,embarque,Liberia,46800.0,182.8,32.0,car-carrier,8.0,Zodiac Maritime Ltd,"Shangai, China",2025-04-23 04:30:00,Lazaro Cardenas,2025-04-25 23:18:00,altura / importación,general suelta,vehiculos,2537.188,1287.0,,,6,Terminal Maritima de Mazatlan,Terminal Maritima de Mazatlan,26.0,25.0,16.25,abril,2025
,Tokyo Car,9432907.0,embarque,Liberia,46800.0,182.8,32.0,car-carrier,8.0,Zodiac Maritime Ltd,"Shangai, China",2025-04-23 04:30:00,Lazaro Cardenas,2025-04-25 23:18:00,altura / importación,general suelta,tractocamion,8.88,,,,6,Terminal Maritima de Mazatlan,Terminal Maritima de Mazatlan,,,,abril,2025
11.0,Glovis Spirit,9674165.0,desembarque,Islas Marshall,69924.54,199.97,35.0,car-carrier,10.0,Hyundai Glovis Co Ltd,"Gwanyang, Korea",2025-04-26 20:30:00,Lazaro Cardenas,2025-04-27 14:27:00,altura / importación,general suelta,vehiculos,1303.775,1053.0,,,5,Terminal Maritima de Mazatlan,Terminal Maritima de Mazatlan,18.0,17.0,11.05,abril,2025
12.0,Jupiter Spirit,10007.0,desembarque,Liberia,45961.0,183.0,30.0,car-carrier,5.0,World Marine Co.,"Busan, Korea",2025-04-26 07:15:00,"Los Angeles, U.S.A.",2025-04-27 00:50:00,altura / importación,general suelta,vehiculos,2915.851,1741.0,,,6,Terminal Maritima de Mazatlan,Terminal Maritima de Mazatlan,17.0,16.0,10.4,abril,2025
13.0,Centurion Mevia,9755854.0,desembarque,Panama,24465.0,183.0,32.0,carguero,10.0,Toko Kaiun Kaisha Ltd,"Kisarasu, Japon",2025-04-01 06:37:00,"Manzanillo, Col",2025-04-06 10:31:00,altura / importación,general suelta,rollos de lamina,9112.526,,,,2,Terminal Maritima de Mazatlan,Terminal Maritima de Mazatlan,25.0,24.0,15.6,abril,2025
14.0,Carmel,9805312.0,desembarque,Panama,21282.0,179.99,28.0,carguero,8.0,Toko Kaiun Kaisha Ltd,"Yawata, Japon",2025-04-03 14:00:00,"Long Beach, U.S.A.",2025-04-05 14:26:00,altura / importación,general suelta,rollos de lamina,18011.394,,,,4,Terminal Maritima de Mazatlan,Terminal Maritima de Mazatlan,49.0,48.0,31.200000000000003,abril,2025
15.0,Isabela Island,9791884.0,desembarque,Hong Kong,23432.0,180.0,30.0,carguero,10.0,Pan Ocean Co Ltd,"Inchon, Korea",2025-04-10 12:20:00,"Tampa Flor, U.S.A.",2025-04-12 09:09:00,altura / importación,general suelta,rollos de lamina,3588.438,,,,2,Terminal Maritima de Mazatlan,Terminal Maritima de Mazatlan,44.0,43.0,27.95,abril,2025
16.0,Santa Serena,9527934.0,desembarque,Japon,23691.0,184.0,30.0,carguero,10.0,"Wooyang Shipping Co., Ltd","Ensenada, B.C.",2025-04-18 13:45:00,Lazaro Cardenas,2025-04-19 08:50:00,altura / importación,general suelta,rollos de lamina,3532.203,,,,2,Terminal Maritima de Mazatlan,Terminal Maritima de Mazatlan,19.0,18.0,11.7,abril,2025
17.0,Fortune Cookie,9908449.0,desembarque,Liberia,23225.0,179.97,30.0,carguero,8.0,Hawk Marine Corp. S.A.,"Ensenada, B.C.",2025-04-19 15:25:00,"Manzanillo, Col",2025-04-20 10:55:00,altura / importación,general suelta,rollos de lamina,2004.176,,,,5,Terminal Maritima de Mazatlan,Terminal Maritima de Mazatlan,18.0,17.0,11.05,abril,2025
18.0,Anne,9593294.0,desembarque,Singapur,31540.0,190.0,32.0,carguero,12.0,Kawasaki Kisen Kaisha Ltd,"Ensenada, B.C.",2025-04-20 12:25:00,"Manzanillo, Col",2025-04-21 12:20:00,altura / importación,general suelta,rollos de lamina,7272.781,,,,2,Terminal Maritima de Mazatlan,Terminal Maritima de Mazatlan,23.0,22.0,14.3,abril,2025
19.0,Bohol Island,9926025.0,desembarque,Panama,23602.0,179.9,30.0,carguero,10.0,"Toko Kaiun Kaisha, Ltd","Yokohama, Japon",2025-04-22 13:15:00,"Manzanillo, Col",2025-04-24 20:19:00,altura / importación,general suelta,rollos de lamina,5239.983,,,,3,Terminal Maritima de Mazatlan,Terminal Maritima de Mazatlan,24.0,23.0,14.95,abril,2025
20.0,Nehir,9969120.0,desembarque,Islas Marshall,23232.0,180.0,30.0,carguero,10.0,Toko Kaiun Kaisha Ltd,"Osaka, Japon",2025-04-24 12:20:00,"Manzanillo, Col",2025-04-27 17:05:00,altura / importación,general suelta,rollos de lamina,4486.623,,,,2,Terminal Maritima de Mazatlan,Terminal Maritima de Mazatlan,45.0,44.0,28.6,abril,2025
,Nehir,9969120.0,desembarque,Islas Marshall,23232.0,180.0,30.0,carguero,10.0,Toko Kaiun Kaisha Ltd,"Osaka, Japon",2025-04-24 12:20:00,"Manzanillo, Col",2025-04-27 17:05:00,altura / importación,general suelta,varios,3348.416,,,,2,Terminal Maritima de Mazatlan,Terminal Maritima de Mazatlan,,,,abril,2025
21.0,Asl Leban,9547178.0,desembarque,Islas Marshall,22852.0,178.0,28.0,carguero,10.0,Sk Shipping Co Ltd,"Ensenada, B.C.",2025-04-28 14:50:00,"Manzanillo, Col",2025-04-29 23:35:00,altura / importación,general suelta,rollos de lamina,4065.13,,,,3,Terminal Maritima de Mazatlan,Terminal Maritima de Mazatlan,33.0,32.0,20.8,abril,2025
22.0,Mar de Cortes,9223667.0,desembarque,Mexicana,7265.0,115.33,20.0,carguero,9.0,Humboldt Shipmanagement,"Cedros, Mexico",2025-04-12 20:15:00,"Santa Rosalia, Mexico",2025-04-18 10:25:00,cabotaje entrada,general suelta,sal a granel,10000.0,,,,1,Terminal Maritima de Mazatlan,Terminal Maritima de Mazatlan,133.0,132.0,85.8,abril,2025
23.0,Maria Beatriz,,desembarque,Mexicana,891.98,53.64,11.0,atunero,5.0,Atuneros Unidos de California S.A de C.V,Via la Pesca,2025-03-30 04:00:00,Via la Pesca,2025-04-09 20:50:00,cabotaje entrada,general suelta,atún,348.258,,,,1,Terminal Maritima de Mazatlan,Terminal Maritima de Mazatlan,30.0,29.0,18.85,abril,2025
,Maria Beatriz,,desembarque,Mexicana,891.98,53.64,11.0,atunero,5.0,Atuneros Unidos de California S.A de C.V,Via la Pesca,2025-03-30 04:00:00,Via la Pesca,2025-04-09 20:50:00,cabotaje salida,general suelta,sal en sacos,28.0,,,,1,Terminal Maritima de Mazatlan,Terminal Maritima de Mazatlan,,,,abril,2025
24.0,Marieta,,desembarque,Mexicana,914.0,50.16,10.0,atunero,5.0,Administracion y Logistica Match Personnel Sapi de Cv,Via la Pesca,2025-04-12 17:30:00,Via la Pesca,2025-05-02 14:50:00,cabotaje entrada,general suelta,atún,577.067,,,,1,Terminal Maritima de Mazatlan,Terminal Maritima de Mazatlan,,,,abril,2025
,Marieta,,desembarque,Mexicana,914.0,50.16,10.0,atunero,5.0,Administracion y Logistica Match Personnel Sapi de Cv,Via la Pesca,2025-04-12 17:30:00,Via la Pesca,2025-05-02 14:50:00,cabotaje salida,general suelta,sal en sacos,40.0,,,,1,Terminal Maritima de Mazatlan,Terminal Maritima de Mazatlan,,,,abril,2025
25.0,Mazcu I,,desembarque,Mexicana,205.92,32.98,9.0,atunero,5.0,"Pesquera Mazcu I, S.A. de C.V.",Via la Pesca,2025-04-13 15:30:00,Via la Pesca,2025-04-23 10:07:00,cabotaje entrada,general suelta,atún,313.382,,,,1,Terminal Maritima de Mazatlan,Terminal Maritima de Mazatlan,50.0,49.0,31.85,abril,2025
,Mazcu I,,desembarque,Mexicana,205.92,32.98,9.0,atunero,5.0,"Pesquera Mazcu I, S.A. de C.V.",Via la Pesca,2025-04-13 15:30:00,Via la Pesca,2025-04-23 10:07:00,cabotaje salida,general suelta,sal en sacos,13.5,,,,1,Terminal Maritima de Mazatlan,Terminal Maritima de Mazatlan,,,,abril,2025
26.0,Carol Linda,7827445.0,desembarque,Mexicana,1998.0,76.2,13.0,atunero,6.0,Pesca Industrial Atunera de Altura Sa de Cv,Via la Pesca,2025-03-31 11:48:00,Via la Pesca,2025-04-23 06:45:00,cabotaje entrada,general suelta,atun,998.349,,,,1,Terminal Maritima de Mazatlan,Terminal Maritima de Mazatlan,42.0,41.0,26.65,abril,2025
27.0,Conquista,,embarque,Mexicana,918.17,59.3,12.0,atunero,6.0,"Agropesca del Fuerte, S.A. de C.V.",Via la Pesca,2025-04-09 18:20:00,Via la Pesca,sin dato,cabotaje salida,general suelta,atún,812.641,,,,1,Terminal Maritima de Mazatlan,Terminal Maritima de Mazatlan,,,,abril,2025
28.0,Constanza,,desembarque,Mexicana,1308.0,70.0,13.0,atunero,7.0,Agencia Maritima Yamilay,Via la Pesca,2025-02-01 15:30:00,Via la Pesca,2025-04-22 09:41:00,cabotaje salida,general suelta,sal en sacos,50.0,,,,1,Terminal Maritima de Mazatlan,Terminal Maritima de Mazatlan,21.0,20.0,13.0,abril,2025
29.0,Clarion,7515341.0,embarque,Mexicana,1012.75,55.1,11.0,atunero,5.0,"Hersea, S.A. de C.V.",Via la Pesca,2025-03-12 19:30:00,Via la Pesca,2025-04-10 19:45:00,cabotaje salida,general suelta,sal en sacos,40.0,,,,1,Terminal Maritima de Mazatlan,Terminal Maritima de Mazatlan,695.0,694.0,451.1,abril,2025
30.0,Mexico Star,9138800.0,desembarque,Mexicana,21171.0,183.0,26.0,transbordador,7.0,"Baja Ferries, S.A. de C.V.","La Paz, Bc",2025-04-02 09:00:00,"La Paz, Bc",2025-04-02 16:40:00,cabotaje entrada,general suelta,mercancías diversas,2642.33,,,,T-1,Transbordadores,"Baja Ferries, S.A. de C.V.",8.0,7.0,4.55,abril,2025
,Mexico Star,9138800.0,embarque,Mexicana,21171.0,183.0,26.0,transbordador,7.0,"Baja Ferries, S.A. de C.V.","La Paz, Bc",2025-04-02 09:00:00,"La Paz, Bc",2025-04-02 16:40:00,cabotaje salida,general suelta,mercancías diversas,4294.42,,,,T-1,Transbordadores,"Baja Ferries, S.A. de C.V.",,,,abril,2025
31.0,Mexico Star,9138800.0,desembarque,Mexicana,21171.0,183.0,26.0,transbordador,7.0,"Baja Ferries, S.A. de C.V.","La Paz, Bc",2025-04-04 08:50:00,"La Paz, Bc",2025-04-04 16:30:00,cabotaje entrada,general suelta,mercancías diversas,2162.19,,,,T-1,Transbordadores,"Baja Ferries, S.A. de C.V.",8.0,7.0,4.55,abril,2025
,Mexico Star,9138800.0,embarque,Mexicana,21171.0,183.0,26.0,transbordador,7.0,"Baja Ferries, S.A. de C.V.","La Paz, Bc",2025-04-04 08:50:00,"La Paz, Bc",2025-04-04 16:30:00,cabotaje salida,general suelta,mercancías diversas,3599.38,,,,T-1,Transbordadores,"Baja Ferries, S.A. de C.V.",,,,abril,2025
32.0,Mexico Star,9138800.0,desembarque,Mexicana,21171.0,183.0,26.0,transbordador,7.0,"Baja Ferries, S.A. de C.V.","La Paz, Bc",2025-04-06 08:54:00,"La Paz, Bc",2025-04-06 17:16:00,cabotaje entrada,general suelta,mercancías diversas,2291.4,,,,T-1,Transbordadores,"Baja Ferries, S.A. de C.V.",9.0,8.0,5.2,abril,2025
,Mexico Star,9138800.0,embarque,Mexicana,21171.0,183.0,26.0,transbordador,7.0,"Baja Ferries, S.A. de C.V.","La Paz, Bc",2025-04-06 08:54:00,"La Paz, Bc",2025-04-06 17:16:00,cabotaje salida,general suelta,mercancías diversas,4362.428,,,,T-1,Transbordadores,"Baja Ferries, S.A. de C.V.",,,,abril,2025
33.0,Mexico Star,9138800.0,desembarque,Mexicana,21171.0,183.0,26.0,transbordador,7.0,"Baja Ferries, S.A. de C.V.","La Paz, Bc",2025-04-09 08:58:00,"La Paz, Bc",2025-04-09 16:45:00,cabotaje entrada,general suelta,mercancías diversas,2542.54,,,,T-1,Transbordadores,"Baja Ferries, S.A. de C.V.",8.0,7.0,4.55,abril,2025
,Mexico Star,9138800.0,embarque,Mexicana,21171.0,183.0,26.0,transbordador,7.0,"Baja Ferries, S.A. de C.V.","La Paz, Bc",2025-04-09 08:58:00,"La Paz, Bc",2025-04-09 16:45:00,cabotaje salida,general suelta,mercancías diversas,4072.384,,,,T-1,Transbordadores,"Baja Ferries, S.A. de C.V.",,,,abril,2025
34.0,Mexico Star,9138800.0,desembarque,Mexicana,21171.0,183.0,26.0,transbordador,7.0,"Baja Ferries, S.A. de C.V.","La Paz, Bc",2025-04-11 08:40:00,"La Paz, Bc",2025-04-11 17:00:00,cabotaje entrada,general suelta,mercancías diversas,2030.45,,,,T-1,Transbordadores,"Baja Ferries, S.A. de C.V.",8.0,7.0,4.55,abril,2025
,Mexico Star,9138800.0,embarque,Mexicana,21171.0,183.0,26.0,transbordador,7.0,"Baja Ferries, S.A. de C.V.","La Paz, Bc",2025-04-11 08:40:00,"La Paz, Bc",2025-04-11 17:00:00,cabotaje salida,general suelta,mercancías diversas,4349.51,,,,T-1,Transbordadores,"Baja Ferries, S.A. de C.V.",,,,abril,2025
35.0,Mexico Star,9138800.0,desembarque,Mexicana,21171.0,183.0,26.0,transbordador,7.0,"Baja Ferries, S.A. de C.V.","La Paz, Bc",2025-04-13 09:00:00,"La Paz, Bc",2025-04-13 17:00:00,cabotaje entrada,general suelta,mercancías diversas,2764.7,,,,T-1,Transbordadores,"Baja Ferries, S.A. de C.V.",8.0,7.0,4.55,abril,2025
,Mexico Star,9138800.0,embarque,Mexicana,21171.0,183.0,26.0,transbordador,7.0,"Baja Ferries, S.A. de C.V.","La Paz, Bc",2025-04-13 09:00:00,"La Paz, Bc",2025-04-13 17:00:00,cabotaje salida,general suelta,mercancías diversas,4481.88,,,,T-1,Transbordadores,"Baja Ferries, S.A. de C.V.",,,,abril,2025
36.0,Mexico Star,9138800.0,desembarque,Mexicana,21171.0,183.0,26.0,transbordador,7.0,"Baja Ferries, S.A. de C.V.","La Paz, Bc",2025-04-16 09:05:00,"La Paz, Bc",2025-04-16 16:41:00,cabotaje entrada,general suelta,mercancías diversas,2412.1,,,,T-1,Transbordadores,"Baja Ferries, S.A. de C.V.",8.0,7.0,4.55,abril,2025
,Mexico Star,9138800.0,embarque,Mexicana,21171.0,183.0,26.0,transbordador,7.0,"Baja Ferries, S.A. de C.V.","La Paz, Bc",2025-04-16 09:05:00,"La Paz, Bc",2025-04-16 16:41:00,cabotaje salida,general suelta,mercancías diversas,4306.34,,,,T-1,Transbordadores,"Baja Ferries, S.A. de C.V.",,,,abril,2025
37.0,Mexico Star,9138800.0,desembarque,Mexicana,21171.0,183.0,26.0,transbordador,7.0,"Baja Ferries, S.A. de C.V.","La Paz, Bc",2025-04-18 08:15:00,"La Paz, Bc",2025-04-20 16:21:00,cabotaje entrada,general suelta,mercancías diversas,2269.53,,,,T-1,Transbordadores,"Baja Ferries, S.A. de C.V.",56.0,55.0,35.75,abril,2025
,Mexico Star,9138800.0,embarque,Mexicana,21171.0,183.0,26.0,transbordador,7.0,"Baja Ferries, S.A. de C.V.","La Paz, Bc",2025-04-18 08:15:00,"La Paz, Bc",2025-04-20 16:21:00,cabotaje salida,general suelta,mercancías diversas,4342.05,,,,T-1,Transbordadores,"Baja Ferries, S.A. de C.V.",,,,abril,2025
38.0,Mexico Star,9138800.0,desembarque,Mexicana,21171.0,183.0,26.0,transbordador,7.0,"Baja Ferries, S.A. de C.V.","La Paz, Bc",2025-04-23 09:05:00,"La Paz, Bc",2025-04-23 16:24:00,cabotaje entrada,general suelta,mercancías diversas,2401.95,,,,T-1,Transbordadores,"Baja Ferries, S.A. de C.V.",8.0,7.0,4.55,abril,2025
,Mexico Star,9138800.0,embarque,Mexicana,21171.0,183.0,26.0,transbordador,7.0,"Baja Ferries, S.A. de C.V.","La Paz, Bc",2025-04-23 09:05:00,"La Paz, Bc",2025-04-23 16:24:00,cabotaje salida,general suelta,mercancías diversas,4454.2,,,,T-1,Transbordadores,"Baja Ferries, S.A. de C.V.",,,,abril,2025
39.0,Mexico Star,9138800.0,desembarque,Mexicana,21171.0,183.0,26.0,transbordador,7.0,"Baja Ferries, S.A. de C.V.","La Paz, Bc",2025-04-25 09:00:00,"La Paz, Bc",2025-04-25 16:31:00,cabotaje entrada,general suelta,mercancías diversas,2216.89,,,,T-1,Transbordadores,"Baja Ferries, S.A. de C.V.",8.0,7.0,4.55,abril,2025
,Mexico Star,9138800.0,embarque,Mexicana,21171.0,183.0,26.0,transbordador,7.0,"Baja Ferries, S.A. de C.V.","La Paz, Bc",2025-04-25 09:00:00,"La Paz, Bc",2025-04-25 16:31:00,cabotaje salida,general suelta,mercancías diversas,4106.39,,,,T-1,Transbordadores,"Baja Ferries, S.A. de C.V.",,,,abril,2025
40.0,Mexico Star,9138800.0,desembarque,Mexicana,21171.0,183.0,26.0,transbordador,7.0,"Baja Ferries, S.A. de C.V.","La Paz, Bc",2025-04-27 08:44:00,"La Paz, Bc",2025-04-27 16:26:00,cabotaje entrada,general suelta,mercancías diversas,2065.6,,,,T-1,Transbordadores,"Baja Ferries, S.A. de C.V.",8.0,7.0,4.55,abril,2025
,Mexico Star,9138800.0,embarque,Mexicana,21171.0,183.0,26.0,transbordador,7.0,"Baja Ferries, S.A. de C.V.","La Paz, Bc",2025-04-27 08:44:00,"La Paz, Bc",2025-04-27 16:26:00,cabotaje salida,general suelta,mercancías diversas,4176.652,,,,T-1,Transbordadores,"Baja Ferries, S.A. de C.V.",,,,abril,2025
41.0,Mexico Star,9138800.0,desembarque,Mexicana,21171.0,183.0,26.0,transbordador,7.0,"Baja Ferries, S.A. de C.V.","La Paz, Bc",2025-04-30 09:24:00,"La Paz, Bc",2025-04-30 16:30:00,cabotaje entrada,general suelta,mercancías diversas,2456.6,,,,T-1,Transbordadores,"Baja Ferries, S.A. de C.V.",8.0,7.0,4.55,abril,2025
,Mexico Star,9138800.0,embarque,Mexicana,21171.0,183.0,26.0,transbordador,7.0,"Baja Ferries, S.A. de C.V.","La Paz, Bc",2025-04-30 09:24:00,"La Paz, Bc",2025-04-30 16:30:00,cabotaje salida,general suelta,mercancías diversas,3568.54,,,,T-1,Transbordadores,"Baja Ferries, S.A. de C.V.",,,,abril,2025
42.0,San Jorge,9186637.0,desembarque,Mexicana,13073.0,142.0,23.0,transbordador,6.0,"Transportacion Maritima de California, S.A. de C.V.","La Paz, Bc",2025-04-01 11:30:00,"La Paz, Bc",2025-04-01 19:09:00,cabotaje entrada,general suelta,mercancías diversas,2041.5,,,,T-2,Transbordadores,"Transportacion Maritima de California, S.A.De C.V.",9.0,8.0,5.2,abril,2025
,San Jorge,9186637.0,embarque,Mexicana,13073.0,142.0,23.0,transbordador,6.0,"Transportacion Maritima de California, S.A. de C.V.","La Paz, Bc",2025-04-01 11:30:00,"La Paz, Bc",2025-04-01 19:09:00,cabotaje salida,general suelta,mercancías diversas,3333.3,,,,T-2,Transbordadores,"Transportacion Maritima de California, S.A.De C.V.",,,,abril,2025
43.0,San Jorge,9186637.0,desembarque,Mexicana,13073.0,142.0,23.0,transbordador,6.0,"Transportacion Maritima de California, S.A. de C.V.","La Paz, Bc",2025-04-03 10:17:00,"La Paz, Bc",2025-04-03 23:53:00,cabotaje entrada,general suelta,mercancías diversas,2107.8,,,,T-2,Transbordadores,"Transportacion Maritima de California, S.A.De C.V.",14.0,13.0,8.450000000000001,abril,2025
,San Jorge,9186637.0,embarque,Mexicana,13073.0,142.0,23.0,transbordador,6.0,"Transportacion Maritima de California, S.A. de C.V.","La Paz, Bc",2025-04-03 10:17:00,"La Paz, Bc",2025-04-03 23:53:00,cabotaje salida,general suelta,mercancías diversas,3043.88,,,,T-2,Transbordadores,"Transportacion Maritima de California, S.A.De C.V.",,,,abril,2025
44.0,San Jorge,9186637.0,desembarque,Mexicana,13073.0,142.0,23.0,transbordador,6.0,"Transportacion Maritima de California, S.A. de C.V.","La Paz, Bc",2025-04-05 13:30:00,"La Paz, Bc",2025-04-05 21:10:00,cabotaje entrada,general suelta,mercancías diversas,2435.96,,,,T-2,Transbordadores,"Transportacion Maritima de California, S.A.De C.V.",8.0,7.0,4.55,abril,2025
,San Jorge,9186637.0,desembarque,Mexicana,13073.0,142.0,23.0,transbordador,6.0,"Transportacion Maritima de California, S.A. de C.V.","La Paz, Bc",2025-04-05 13:30:00,"La Paz, Bc",2025-04-05 21:10:00,cabotaje entrada,general suelta,mercancías diversas,3336.13,,,,T-2,Transbordadores,"Transportacion Maritima de California, S.A.De C.V.",,,,abril,2025
45.0,San Jorge,9186637.0,desembarque,Mexicana,13073.0,142.0,23.0,transbordador,6.0,"Transportacion Maritima de California, S.A. de C.V.","La Paz, Bc",2025-04-08 11:20:00,"La Paz, Bc",2025-04-08 19:45:00,cabotaje entrada,general suelta,mercancías diversas,1482.2,,,,T-2,Transbordadores,"Transportacion Maritima de California, S.A.De C.V.",9.0,8.0,5.2,abril,2025
,San Jorge,9186637.0,embarque,Mexicana,13073.0,142.0,23.0,transbordador,6.0,"Transportacion Maritima de California, S.A. de C.V.","La Paz, Bc",2025-04-08 11:20:00,"La Paz, Bc",2025-04-08 19:45:00,cabotaje salida,general suelta,mercancías diversas,3270.336,,,,T-2,Transbordadores,"Transportacion Maritima de California, S.A.De C.V.",,,,abril,2025
46.0,San Jorge,9186637.0,desembarque,Mexicana,13073.0,142.0,23.0,transbordador,6.0,"Transportacion Maritima de California, S.A. de C.V.","La Paz, Bc",2025-04-10 09:45:00,"La Paz, Bc",2025-04-10 19:05:00,cabotaje entrada,general suelta,mercancías diversas,2209.9,,,,T-2,Transbordadores,"Transportacion Maritima de California, S.A.De C.V.",10.0,9.0,5.8500000000000005,abril,2025
,San Jorge,9186637.0,embarque,Mexicana,13073.0,142.0,23.0,transbordador,6.0,"Transportacion Maritima de California, S.A. de C.V.","La Paz, Bc",2025-04-10 09:45:00,"La Paz, Bc",2025-04-10 19:05:00,cabotaje salida,general suelta,mercancías diversas,3350.326,,,,T-2,Transbordadores,"Transportacion Maritima de California, S.A.De C.V.",,,,abril,2025
47.0,San Jorge,9186637.0,desembarque,Mexicana,13073.0,142.0,23.0,transbordador,6.0,"Transportacion Maritima de California, S.A. de C.V.","La Paz, Bc",2025-04-12 10:00:00,"La Paz, Bc",2025-04-12 18:44:00,cabotaje entrada,general suelta,mercancías diversas,2334.2,,,,T-2,Transbordadores,"Transportacion Maritima de California, S.A.De C.V.",9.0,8.0,5.2,abril,2025
,San Jorge,9186637.0,embarque,Mexicana,13073.0,142.0,23.0,transbordador,6.0,"Transportacion Maritima de California, S.A. de C.V.","La Paz, Bc",2025-04-12 10:00:00,"La Paz, Bc",2025-04-12 18:44:00,cabotaje salida,general suelta,mercancías diversas,3228.026,,,,T-2,Transbordadores,"Transportacion Maritima de California, S.A.De C.V.",,,,abril,2025
48.0,San Jorge,9186637.0,desembarque,Mexicana,13073.0,142.0,23.0,transbordador,6.0,"Transportacion Maritima de California, S.A. de C.V.","La Paz, Bc",2025-04-15 13:20:00,"La Paz, Bc",2025-04-15 21:32:00,cabotaje entrada,general suelta,mercancías diversas,1849.5,,,,T-2,Transbordadores,"Transportacion Maritima de California, S.A.De C.V.",9.0,8.0,5.2,abril,2025
,San Jorge,9186637.0,embarque,Mexicana,13073.0,142.0,23.0,transbordador,6.0,"Transportacion Maritima de California, S.A. de C.V.","La Paz, Bc",2025-04-15 13:20:00,"La Paz, Bc",2025-04-15 21:32:00,cabotaje salida,general suelta,mercancías diversas,2996.83,,,,T-2,Transbordadores,"Transportacion Maritima de California, S.A.De C.V.",,,,abril,2025
49.0,San Jorge,9186637.0,desembarque,Mexicana,13073.0,142.0,23.0,transbordador,6.0,"Transportacion Maritima de California, S.A. de C.V.","La Paz, Bc",2025-04-17 10:40:00,"La Paz, Bc",2025-04-17 19:00:00,cabotaje entrada,general suelta,mercancías diversas,1895.3,,,,T-2,Transbordadores,"Transportacion Maritima de California, S.A.De C.V.",9.0,8.0,5.2,abril,2025
,San Jorge,9186637.0,embarque,Mexicana,13073.0,142.0,23.0,transbordador,6.0,"Transportacion Maritima de California, S.A. de C.V.","La Paz, Bc",2025-04-17 10:40:00,"La Paz, Bc",2025-04-17 19:00:00,cabotaje salida,general suelta,mercancías diversas,3161.07,,,,T-2,Transbordadores,"Transportacion Maritima de California, S.A.De C.V.",,,,abril,2025
50.0,San Jorge,9186637.0,desembarque,Mexicana,13073.0,142.0,23.0,transbordador,6.0,"Transportacion Maritima de California, S.A. de C.V.","La Paz, Bc",2025-04-22 11:50:00,"La Paz, Bc",2025-04-22 19:04:00,cabotaje entrada,general suelta,mercancías diversas,1651.07,,,,T-2,Transbordadores,"Transportacion Maritima de California, S.A.De C.V.",8.0,7.0,4.55,abril,2025
,San Jorge,9186637.0,embarque,Mexicana,13073.0,142.0,23.0,transbordador,6.0,"Transportacion Maritima de California, S.A. de C.V.","La Paz, Bc",2025-04-22 11:50:00,"La Paz, Bc",2025-04-22 19:04:00,cabotaje salida,general suelta,mercancías diversas,3026.99,,,,T-2,Transbordadores,"Transportacion Maritima de California, S.A.De C.V.",,,,abril,2025
51.0,San Jorge,9186637.0,desembarque,Mexicana,13073.0,142.0,23.0,transbordador,6.0,"Transportacion Maritima de California, S.A. de C.V.","La Paz, Bc",2025-04-24 11:20:00,"La Paz, Bc",2025-04-24 19:08:00,cabotaje entrada,general suelta,mercancías diversas,2110.9,,,,T-2,Transbordadores,"Transportacion Maritima de California, S.A.De C.V.",9.0,8.0,5.2,abril,2025
,San Jorge,9186637.0,embarque,Mexicana,13073.0,142.0,23.0,transbordador,6.0,"Transportacion Maritima de California, S.A. de C.V.","La Paz, Bc",2025-04-24 11:20:00,"La Paz, Bc",2025-04-24 19:08:00,cabotaje salida,general suelta,mercancías diversas,3167.519,,,,T-2,Transbordadores,"Transportacion Maritima de California, S.A.De C.V.",,,,abril,2025
52.0,San Jorge,9186637.0,desembarque,Mexicana,13073.0,142.0,23.0,transbordador,6.0,"Transportacion Maritima de California, S.A. de C.V.","La Paz, Bc",2025-04-26 10:42:00,"La Paz, Bc",2025-04-26 18:53:00,cabotaje entrada,general suelta,mercancías diversas,2118.65,,,,T-2,Transbordadores,"Transportacion Maritima de California, S.A.De C.V.",9.0,8.0,5.2,abril,2025
,San Jorge,9186637.0,embarque,Mexicana,13073.0,142.0,23.0,transbordador,6.0,"Transportacion Maritima de California, S.A. de C.V.","La Paz, Bc",2025-04-26 10:42:00,"La Paz, Bc",2025-04-26 18:53:00,cabotaje salida,general suelta,mercancías diversas,3252.17,,,,T-2,Transbordadores,"Transportacion Maritima de California, S.A.De C.V.",,,,abril,2025
53.0,San Jorge,9186637.0,desembarque,Mexicana,13073.0,142.0,23.0,transbordador,6.0,"Transportacion Maritima de California, S.A. de C.V.","La Paz, Bc",2025-04-29 10:54:00,"La Paz, Bc",2025-04-29 18:46:00,cabotaje entrada,general suelta,mercancías diversas,1762.8,,,,T-2,Transbordadores,"Transportacion Maritima de California, S.A.De C.V.",9.0,8.0,5.2,abril,2025
,San Jorge,9186637.0,embarque,Mexicana,13073.0,142.0,23.0,transbordador,6.0,"Transportacion Maritima de California, S.A. de C.V.","La Paz, Bc",2025-04-29 10:54:00,"La Paz, Bc",2025-04-29 18:46:00,cabotaje salida,general suelta,mercancías diversas,3113.93,,,,T-2,Transbordadores,"Transportacion Maritima de California, S.A.De C.V.",,,,abril,2025
54.0,Camila,9685580.0,desembarque,Mexicana,2042.0,79.5,14.0,atunero,7.0,Pesca Azteca,Via la Pesca,2025-03-25 04:00:00,Via la Pesca,2025-04-03 21:40:00,cabotaje entrada,general suelta,atun a granel,1093.112,,,,PINSA,Pinsa,Pesca Azteca,,,,abril,2025
55.0,El Dorado,8129539.0,desembarque,Mexicana,1793.0,80.92,12.0,atunero,6.0,Pesca Azteca,Via la Pesca,2025-04-16 08:15:00,Via la Pesca,2025-04-26 20:06:00,cabotaje entrada,general suelta,atun a granel,1208.41,,,,PINSA,Pinsa,Pesca Azteca,,,,abril,2025
56.0,Doña Tere,9685592.0,desembarque,Mexicana,2042.0,68.15,14.0,atunero,6.0,Pesca Azteca,Via la Pesca,2025-03-25 04:00:00,Via la Pesca,2025-04-03 22:43:00,cabotaje entrada,general suelta,atun a granel,1102.294,,,,PINSA,Pinsa,Pesca Azteca,,,,abril,2025
57.0,El Duque,9766102.0,desembarque,Mexicana,2042.0,68.15,14.0,atunero,6.0,"Hersea, S.A. de C.V.",Via la Pesca,2025-03-25 05:00:00,Via la Pesca,2025-04-07 19:30:00,cabotaje entrada,general suelta,atun a granel,1118.063,,,,PINSA,Pinsa,Pesca Azteca,,,,abril,2025
58.0,Nair Ii,8102347.0,desembarque,Mexicana,1302.0,72.0,12.0,atunero,6.0,Atuneros Unidos de California S.A de C.V,Via la Pesca,2025-03-27 06:30:00,Via la Pesca,2025-04-06 18:30:00,cabotaje entrada,general suelta,atun a granel,834.919,,,,PINSA,Pinsa,Pesca Azteca,,,,abril,2025
59.0,Azteca 7,8111362.0,desembarque,Mexicana,1829.8,70.71,13.0,atunero,6.0,Pesca Azteca,Via la Pesca,2025-04-30 19:00:00,Via la Pesca,sin dato,cabotaje entrada,general suelta,atun a granel,843.008,,,,PINSA,Pinsa,Pesca Azteca,,,,abril,2025
60.0,Tamara,9675523.0,desembarque,Mexicana,2042.0,79.0,14.0,atunero,5.0,Pesca Azteca,Via la Pesca,2025-03-28 05:50:00,Via la Pesca,2025-04-11 19:05:00,cabotaje entrada,general suelta,atun a granel,1053.814,,,,PINSA,Pinsa,Pesca Azteca,,,,abril,2025
61.0,Azteca 9,8102309.0,desembarque,Mexicana,1012.75,50.35,50.0,atunero,5.0,Pesca Azteca,Via la Pesca,2025-03-30 05:45:00,Via la Pesca,2025-04-10 18:50:00,cabotaje entrada,general suelta,atun a granel,530.739,,,,PINSA,Pinsa,Pesca Azteca,,,,abril,2025
62.0,Mazatun,8125129.0,desembarque,Mexicana,1328.03,71.0,13.0,atunero,5.0,Pesca Azteca,Via la Pesca,2025-03-29 07:30:00,Via la Pesca,2025-04-13 19:20:00,cabotaje entrada,general suelta,atun a granel,923.604,,,,PINSA,Pinsa,Pesca Azteca,,,,abril,2025
63.0,Azteca 2,8003228.0,desembarque,Mexicana,1524.86,68.28,13.0,atunero,6.0,Pesca Azteca,Via la Pesca,2025-04-03 20:05:00,Via la Pesca,2025-04-15 21:07:00,cabotaje entrada,general suelta,atun a granel,826.69,,,,PINSA,Pinsa,Pesca Azteca,,,,abril,2025
64.0,Mazpesca 2,7435266.0,desembarque,Mexicana,1350.0,65.6,12.0,atunero,6.0,Pesca Azteca,Via la Pesca,2025-04-06 17:50:00,Via la Pesca,2025-04-16 19:26:00,cabotaje entrada,general suelta,atun a granel,779.42,,,,PINSA,Pinsa,Pesca Azteca,,,,abril,2025
65.0,Azteca 4,8113396.0,desembarque,Mexicana,1587.0,70.0,13.0,atunero,6.0,Pesca Azteca,Via la Pesca,2025-04-03 19:30:00,Via la Pesca,2025-04-14 19:30:00,cabotaje entrada,general suelta,atun a granel,874.939,,,,PINSA,Pinsa,Pesca Azteca,,,,abril,2025
66.0,Clipperton,8026517.0,desembarque,Mexicana,1328.03,63.0,13.0,atunero,6.0,Pesca Azteca,Via la Pesca,2025-04-06 18:10:00,Via la Pesca,2025-04-18 20:43:00,cabotaje entrada,general suelta,atun a granel,859.243,,,,PINSA,Pinsa,Pesca Azteca,,,,abril,2025
67.0,Paco C,9675535.0,desembarque,Mexicana,2042.0,79.1,14.0,atunero,6.0,Pesca Azteca,Via la Pesca,2025-04-07 17:50:00,Via la Pesca,2025-04-18 20:56:00,cabotaje entrada,general suelta,atun a granel,1054.528,,,,PINSA,Pinsa,Pesca Azteca,,,,abril,2025
68.0,El Dorado,8129539.0,desembarque,Mexicana,1793.0,80.92,12.0,atunero,6.0,Pesca Azteca,Via la Pesca,2025-04-16 08:15:00,Via la Pesca,2025-04-26 20:06:00,cabotaje entrada,general suelta,atun a granel,412.484,,,,PINSA,Pinsa,Pesca Azteca,,,,abril,2025
69.0,Azteca 8,8107658.0,desembarque,Mexicana,1512.0,74.0,13.0,atunero,6.0,Pesca Azteca,Via la Pesca,2025-04-14 08:00:00,Via la Pesca,2025-04-26 07:20:00,cabotaje entrada,general suelta,atun a granel,921.359,,,,PINSA,Pinsa,Pesca Azteca,,,,abril,2025
70.0,Azteca 6,8113425.0,desembarque,Mexicana,1590.0,70.0,13.0,atunero,6.0,Pesca Azteca,Via la Pesca,2025-04-17 20:00:00,Via la Pesca,2025-05-01 20:28:00,cabotaje entrada,general suelta,atun a granel,769.076,,,,PINSA,Pinsa,Pesca Azteca,,,,abril,2025
71.0,Azteca 3,8111350.0,desembarque,Mexicana,1830.0,62.0,13.0,atunero,6.0,Pesca Azteca,Via la Pesca,2025-04-17 18:50:00,Via la Pesca,2025-05-01 21:25:00,cabotaje entrada,general suelta,atun a granel,969.784,,,,PINSA,Pinsa,Pesca Azteca,,,,abril,2025
72.0,Azteca 10,8812215.0,desembarque,Mexicana,1276.0,78.0,14.0,atunero,6.0,Pesca Azteca,Via la Pesca,2025-04-17 18:55:00,Via la Pesca,2025-05-01 20:35:00,cabotaje entrada,general suelta,atun a granel,1060.225,,,,PINSA,Pinsa,Pesca Azteca,,,,abril,2025
73.0,Bonnie,,desembarque,Mexicana,1550.0,71.0,13.0,atunero,7.0,Pesca Azteca,Via la Pesca,2025-04-18 21:27:00,Via la Pesca,2025-05-03 21:30:00,cabotaje entrada,general suelta,atun a granel,752.214,,,,PINSA,Pinsa,Pesca Azteca,,,,abril,2025
74.0,Nyk Laura,9406752.0,descarga,Panama,27003.0,210.0,30.0,containero,12.0,Nyk Shipmanagement Pte Ltd,Los Angeles,2025-04-05 22:40:00,"Manzanillo, Col",2025-04-06 19:58:00,altura / importación,general contenerizada,contenedores,852.4771220000002,,2.0,41.0,2,Terminal Maritima de Mazatlan,Terminal Maritima de Mazatlan,21.0,20.0,13.0,abril,2025
,Nyk Laura,9406752.0,carga,Panama,27003.0,210.0,30.0,containero,12.0,Nyk Shipmanagement Pte Ltd,Los Angeles,2025-04-05 22:40:00,"Manzanillo, Col",2025-04-06 19:58:00,altura / exportación,general contenerizada,contenedores,4972.411502837999,,24.0,175.0,2,Terminal Maritima de Mazatlan,Terminal Maritima de Mazatlan,,,,abril,2025
75.0,Oaxaca Star,9314363.0,descarga,Mexicana,9990.0,139.9,22.0,containero,8.0,Baja Ferries S.A. de C.V,Lazaro Cardenas,2025-04-07 11:00:00,"Guaymas, Son",2025-04-09 10:15:00,altura / importación,general contenerizada,contenedores,3067.280750000001,,97.0,158.0,6,Terminal Maritima de Mazatlan,Terminal Maritima de Mazatlan,47.0,46.0,29.9,abril,2025
,Oaxaca Star,9314363.0,carga,Mexicana,9990.0,139.9,22.0,containero,8.0,Baja Ferries S.A. de C.V,Lazaro Cardenas,2025-04-07 11:00:00,"Guaymas, Son",2025-04-09 10:15:00,altura / exportación,general contenerizada,contenedores,3748.88,,162.0,136.0,6,Terminal Maritima de Mazatlan,Terminal Maritima de Mazatlan,,,,abril,2025
76.0,Aliaga Express,9751092.0,descarga,Malta,31425.0,185.99,35.0,containero,8.0,Arneb Shipping Company Limited,"Los Angeles, Ca",2025-04-12 13:45:00,"Manzanillo, Col",2025-04-13 01:31:00,altura / importación,general contenerizada,contenedores,240.048438,,1.0,10.0,2,Terminal Maritima de Mazatlan,Terminal Maritima de Mazatlan,11.0,10.0,6.5,abril,2025
,Aliaga Express,9751092.0,carga,Malta,31425.0,185.99,35.0,containero,8.0,Arneb Shipping Company Limited,"Los Angeles, Ca",2025-04-12 13:45:00,"Manzanillo, Col",2025-04-13 01:31:00,altura / exportación,general contenerizada,contenedores,1276.765,,25.0,131.0,2,Terminal Maritima de Mazatlan,Terminal Maritima de Mazatlan,,,,abril,2025
77.0,Nyk Silvia,9419656.0,descarga,Islas Marshall,27003.0,210.0,30.0,containero,8.0,Anglo-Eastern Ship Managment Limited,"Los Angeles, Ca",2025-04-19 14:20:00,Manzanillo,2025-04-20 01:26:00,altura / importación,general contenerizada,contenedores,444.784455,,9.0,14.0,2,Terminal Maritima de Mazatlan,Terminal Maritima de Mazatlan,11.0,10.0,6.5,abril,2025
,Nyk Silvia,9419656.0,carga,Islas Marshall,27003.0,210.0,30.0,containero,8.0,Anglo-Eastern Ship Managment Limited,"Los Angeles, Ca",2025-04-19 14:20:00,Manzanillo,2025-04-20 01:26:00,altura / exportación,general contenerizada,contenedores,1387.4659999999997,,13.0,46.0,2,Terminal Maritima de Mazatlan,Terminal Maritima de Mazatlan,,,,abril,2025
78.0,Oaxaca Star,9314363.0,descarga,Mexicana,9990.0,139.9,22.0,containero,8.0,Baja Ferries S.A. de C.V,"Guaymas, Son",2025-04-22 23:50:00,"Guaymas, Son",2025-04-24 21:18:00,altura / importación,general contenerizada,contenedores,3277.3404570000016,,133.0,100.0,6,Terminal Maritima de Mazatlan,Terminal Maritima de Mazatlan,45.0,44.0,28.6,abril,2025
,Oaxaca Star,9314363.0,carga,Mexicana,9990.0,139.9,22.0,containero,8.0,Baja Ferries S.A. de C.V,"Guaymas, Son",2025-04-22 23:50:00,"Guaymas, Son",2025-04-24 21:18:00,altura / exportación,general contenerizada,contenedores,5664.49,,200.0,156.0,6,Terminal Maritima de Mazatlan,Terminal Maritima de Mazatlan,,,,abril,2025
79.0,Hansa Tromsoe,9366287.0,desembarque,Islas Marshall,29733.0,183.0,32.0,petrolero,10.0,Dampskibsselskabet Nordem A/S,"La Paz, Bc",2025-03-28 16:00:00,"Guaymas, Son",2025-04-02 09:04:00,altura / importación,petroleos y derivados,gasolina,3612.43,,,,PEMEX,Mazatlan,Pemex,,,,abril,2025
80.0,Seaways Kenosha,9710490.0,desembarque,Liberia,29770.0,183.0,32.0,petrolero,10.0,V.Ship Uk Ltd,"Acapulco, Gro",2025-04-04 16:00:00,"Balboa, Panama",2025-04-10 11:26:00,altura / importación,petroleos y derivados,gasolina,4920.97,,,,PEMEX,Mazatlan,Pemex,37.0,36.0,23.4,abril,2025
81.0,Texistepec,9642916.0,desembarque,Mexicana,30159.0,183.0,32.0,petrolero,10.0,Pemex Refinacion,"La Paz, Bc",2025-04-06 09:00:00,"Salina Cruz, Oa",2025-04-07 20:45:00,cabotaje entrada,petroleos y derivados,gasolina,10691.9,,,,PEMEX,Mazatlan,Pemex,35.0,34.0,22.1,abril,2025
,Texistepec,9642916.0,desembarque,Mexicana,30159.0,183.0,32.0,petrolero,10.0,Pemex Refinacion,"La Paz, Bc",2025-04-06 09:00:00,"Salina Cruz, Oa",2025-04-07 20:45:00,cabotaje entrada,petroleos y derivados,diesel,7255.12,,,,PEMEX,Mazatlan,Pemex,,,,abril,2025
82.0,Seaways Kenosha,9710490.0,desembarque,Liberia,29770.0,183.0,32.0,petrolero,10.0,V.Ship Uk Ltd,"Acapulco, Gro",2025-04-04 16:00:00,"Balboa, Panama",2025-04-10 11:26:00,altura / importación,petroleos y derivados,gasolina,4595.28,,,,PEMEX,Mazatlan,Pemex,21.0,20.0,13.0,abril,2025
83.0,Torm Beatrice,9661235.0,desembarque,Singapur,30131.0,183.0,32.0,petrolero,9.0,Master And/Or Owners C/O Inchcape Shipping Services Ltd,"Guaymas, Son",2025-04-10 18:30:00,"Rosarito, B.C.",2025-04-11 11:28:00,sin dato,petroleos y derivados,diesel,3867.01,,,,PEMEX,Mazatlan,Pemex,16.0,15.0,9.75,abril,2025
84.0,Uog Oslo,9451707.0,desembarque,Islas Marshall,29155.0,183.17,32.24,petrolero,9.0,Clearlake Shipping Pte Ltd,"La Paz, Bc",2025-04-11 10:40:00,"Manzanillo, Col",2025-04-12 11:33:00,cabotaje entrada,petroleos y derivados,gasolina,4657.88,,,,PEMEX,Mazatlan,Pemex,24.0,23.0,14.95,abril,2025
,Uog Oslo,9451707.0,desembarque,Islas Marshall,29155.0,183.17,32.24,petrolero,9.0,Clearlake Shipping Pte Ltd,"La Paz, Bc",2025-04-11 10:40:00,"Manzanillo, Col",2025-04-12 11:33:00,cabotaje entrada,petroleos y derivados,diesel,5117.88,,,,PEMEX,Mazatlan,Pemex,,,,abril,2025
85.0,Clearocean Mathilde,9800180.0,desembarque,Liberia,29463.0,183.06,32.2,petrolero,13.31,Ishima Pte Ltd,"La Paz, Bc",2025-04-16 08:18:00,"Acapulco, Gro",2025-04-17 15:35:00,cabotaje entrada,petroleos y derivados,gasolina,9552.5,,,,PEMEX,Mazatlan,Pemex,29.0,28.0,18.2,abril,2025
,Clearocean Mathilde,9800180.0,desembarque,Liberia,29463.0,183.06,32.2,petrolero,13.31,Ishima Pte Ltd,"La Paz, Bc",2025-04-16 08:18:00,"Acapulco, Gro",2025-04-17 15:35:00,cabotaje entrada,petroleos y derivados,diesel,2819.89,,,,PEMEX,Mazatlan,Pemex,,,,abril,2025
86.0,Clearocean Milano,9917658.0,desembarque,Filipinas,29667.0,183.0,32.0,petrolero,13.0,Representaciones Maritimas,"Manzanillo, Mexico",2025-04-16 16:25:00,"Topolobampo, Sin",2025-04-18 11:45:00,altura / importación,petroleos y derivados,diesel,6828.06,,,,PEMEX,Mazatlan,Pemex,19.0,18.0,11.7,abril,2025
87.0,Torm Dagmar,9702209.0,desembarque,Singapur,29485.0,183.0,32.0,petrolero,13.0,Master And/Or Owners C/O Inchcape Shipping Services Ltd,"La Paz, Bc",2025-04-17 09:15:00,"La Paz, Bc",2025-04-19 11:00:00,sin dato,petroleos y derivados,gasolina,4667.56,,,,PEMEX,Mazatlan,Pemex,23.0,22.0,14.3,abril,2025
88.0,Byzantion,9315898.0,desembarque,Islas Marshall,23340.0,182.0,27.0,petrolero,11.0,Master And/Or Owners C/O Inchcape Shipping Services Ltd,"Houston, U.S.A.",2025-04-17 18:20:00,"La Paz, Bc",2025-04-20 02:22:00,altura / importación,petroleos y derivados,cope,6225.212,,,,PEMEX,Mazatlan,Pemex,16.0,15.0,9.75,abril,2025
89.0,Texistepec,9642916.0,desembarque,Mexicana,30159.0,183.0,32.0,petrolero,10.0,Pemex Refinacion,"Acapulco, Gro",2025-04-23 13:20:00,"La Paz, Bc",2025-04-24 18:49:00,cabotaje entrada,petroleos y derivados,gasolina,8149.57,,,,PEMEX,Mazatlan,Pemex,30.0,29.0,18.85,abril,2025
,Texistepec,9642916.0,desembarque,Mexicana,30159.0,183.0,32.0,petrolero,10.0,Pemex Refinacion,"Acapulco, Gro",2025-04-23 13:20:00,"La Paz, Bc",2025-04-24 18:49:00,cabotaje entrada,petroleos y derivados,diesel,3369.85,,,,PEMEX,Mazatlan,Pemex,1.0,,0.0,abril,2025
90.0,Green Planet,9669914.0,desembarque,Liberia,30264.0,183.0,32.0,petrolero,10.0,Clearlake Shipping Pte Ltd,"Acapulco, Gro",2025-04-25 03:00:00,"Guaymas, Son",2025-05-06 14:15:00,sin dato,petroleos y derivados,gasolina,3814.22,,,,PEMEX,Mazatlan,Pemex,25.0,24.0,15.6,abril,2025
91.0,Nord Vanquish,9833058.0,desembarque,Liberia,29917.0,183.0,32.0,petrolero,13.0,Trampa,"Topolobampo, Sin",2025-04-25 06:40:00,"Guaymas, Son",2025-04-27 08:00:00,sin dato,petroleos y derivados,diesel,10004.15,,,,PEMEX,Mazatlan,Pemex,27.0,26.0,16.900000000000002,abril,2025
92.0,Celsius Portsmouth,9884837.0,desembarque,Islas Marshall,29725.0,182.0,32.0,petrolero,13.0,Clearlake Shipping Pte Ltd,"Guaymas, Son",2025-04-28 09:50:00,"Topolobampo, Sin",2025-04-30 15:45:00,sin dato,petroleos y derivados,gasolina,4547.21,,,,PEMEX,Mazatlan,Pemex,20.0,19.0,12.35,abril,2025
